33,103,94,118,131,135,138,133,135,135,138,136,133,135,136,133,135,136,137,134,134,135,135,133,132,133,136,132,128,128,131,127,126,119,119,120,120,122,126,122,122,129,127,128,128,129,134,132,133,137,137,132,131,134,137,134,132,134,134,133,131,133,134,135,131,134,133,130,128,57,73,65,66,77,83,88,87,81,79,80,82,80,78,79,83,87,97,101,107,112,128,143,125,131,114,119,77,59,69,68,70,73,71,62,68,70,112,69,74,73,74,68,73,77,71,79,81,81,85,92,96,107,119,142,130,127,128,109,
42,107,102,106,104,100,104,101,100,103,104,102,103,107,106,103,103,103,100,98,94,103,149,176,179,113,71,71,72,122,117,132,171,180,185,191,195,193,192,189,187,187,183,172,160,151,122,130,149,165,159,109,82,89,96,100,115,126,132,129,128,119,116,105,114,155,169,174,184,191,189,187,189,189,188,188,190,195,203,214,73,76,126,163,160,188,164,92,93,89,94,92,80,72,93,94,92,91,101,103,124,136,144,154,157,156,159,163,163,163,162,150,101,109,116,92,97,112,119,125,126,127,135,145,154,154,151,148,
38,105,102,103,103,101,100,99,99,101,103,101,103,104,105,100,104,104,102,102,98,97,101,140,176,183,160,118,104,122,117,131,169,183,183,196,201,201,198,196,192,191,184,162,141,121,145,154,183,131,82,85,91,93,92,92,91,92,95,92,89,93,100,104,159,172,177,183,198,194,188,191,195,195,198,193,191,193,198,194,74,47,136,184,160,144,96,160,144,139,151,81,83,91,82,88,90,106,108,120,133,141,146,154,153,156,158,163,164,166,164,161,142,106,112,85,93,108,114,116,117,126,134,143,149,151,149,148,
20,101,96,99,95,96,97,96,100,96,101,99,103,103,104,104,107,102,103,104,104,100,98,90,130,172,181,179,171,130,112,130,162,179,182,193,199,206,210,209,203,197,172,142,122,146,158,184,131,89,87,89,92,91,96,95,96,98,96,94,97,97,100,96,108,172,185,188,196,192,195,199,199,202,202,194,191,190,190,125,89,133,180,183,185,172,164,116,162,132,118,158,121,72,77,80,86,110,122,128,139,141,144,151,150,156,158,161,164,168,165,165,158,127,107,75,90,106,98,106,121,131,138,146,153,152,141,143,
17,99,104,105,109,113,123,133,135,132,104,92,93,100,101,98,99,101,104,102,104,104,104,104,95,102,145,170,175,130,106,136,167,179,180,187,188,185,180,172,187,187,138,129,156,160,161,88,106,96,94,92,93,93,96,97,99,97,96,96,97,99,97,101,99,92,122,199,198,205,205,202,198,202,201,190,182,174,167,85,110,119,161,200,190,208,182,131,128,152,140,150,154,153,32,54,113,123,130,134,140,143,151,152,155,154,155,158,163,167,167,167,164,139,95,68,93,112,109,119,133,142,149,151,152,148,150,141,
10,146,139,139,140,145,148,152,152,153,155,120,86,90,96,91,88,91,94,95,92,92,91,93,91,90,86,92,106,96,101,137,166,177,145,82,71,82,86,89,85,81,100,150,167,121,83,88,87,89,91,92,95,93,97,96,97,100,99,98,100,99,97,99,99,98,97,90,182,210,210,200,197,195,190,180,164,155,70,100,107,131,145,198,178,198,99,168,172,162,148,156,161,158,157,100,115,124,131,130,141,147,151,152,159,156,157,159,163,165,167,167,163,136,76,63,95,121,115,120,131,140,142,143,143,142,143,143,
8,146,145,147,147,147,149,151,154,156,156,157,109,78,78,81,75,84,81,77,78,74,77,80,81,82,81,84,79,73,81,125,155,118,82,85,85,89,91,92,90,90,91,89,84,89,86,89,91,94,90,94,95,92,94,94,97,99,98,96,98,100,100,102,98,99,100,100,94,123,214,202,196,186,175,159,138,133,78,80,88,139,123,173,170,132,102,186,165,164,149,167,172,170,162,150,111,126,126,137,141,145,148,148,148,158,158,156,159,165,166,163,154,126,40,49,102,124,119,118,129,133,133,132,129,128,129,131,
19,148,149,151,151,155,155,156,157,160,161,157,148,73,73,72,107,129,91,77,89,86,76,68,69,71,73,76,95,87,77,131,131,86,87,87,92,91,92,95,94,92,93,88,89,89,90,91,93,94,95,91,93,95,96,97,97,98,98,97,99,98,102,100,99,99,99,98,98,96,88,184,188,174,157,134,124,86,109,48,58,170,92,112,126,181,189,188,178,160,138,179,195,185,176,161,151,106,128,134,135,135,138,140,143,148,153,156,161,162,160,158,142,106,23,57,114,130,125,114,120,127,125,126,123,126,125,130,
16,151,153,158,160,161,184,187,203,196,177,161,158,77,68,72,121,132,117,116,123,125,124,109,83,73,78,75,101,90,81,138,88,83,85,91,90,93,91,92,92,92,86,90,90,93,90,90,94,93,94,92,95,95,95,94,99,96,96,98,99,99,99,99,97,96,98,95,100,102,98,97,144,155,131,107,77,119,121,97,92,149,124,149,136,156,192,174,200,206,135,177,205,208,193,168,158,130,124,126,129,133,138,143,150,153,153,156,155,158,159,146,132,90,12,83,126,130,127,113,111,121,123,119,124,125,133,139,
15,155,159,163,164,177,196,194,209,191,162,155,141,74,67,93,127,117,118,124,130,135,134,138,132,94,61,52,50,59,124,114,86,84,86,88,93,93,92,93,89,86,88,84,90,86,84,86,89,93,90,89,92,92,91,95,94,95,94,96,99,99,99,102,97,98,97,95,97,100,98,98,100,118,60,30,157,125,121,96,87,152,110,143,152,122,156,193,191,166,168,183,207,210,196,175,160,155,116,126,133,137,142,149,157,157,158,158,156,157,152,143,124,68,7,106,128,129,131,124,114,120,120,122,128,133,143,143,
36,158,159,161,162,163,160,166,176,184,159,154,103,52,76,124,115,117,125,131,134,140,139,141,139,139,69,15,8,76,133,95,87,95,87,87,91,90,90,91,88,86,87,86,87,87,86,83,91,90,94,93,93,93,94,93,90,92,95,91,95,100,97,99,97,98,97,95,98,100,102,99,99,102,92,41,146,116,110,98,76,113,119,122,142,134,120,193,165,178,187,196,205,195,185,174,165,160,126,133,140,143,148,153,158,160,159,159,157,152,147,135,112,45,27,114,125,127,129,135,167,133,119,125,127,134,143,149,
31,159,160,157,155,154,169,200,202,209,177,150,90,35,121,119,118,127,132,135,140,138,141,140,141,136,101,23,35,126,128,91,91,93,85,92,92,91,92,91,91,89,86,86,86,84,93,85,88,89,91,96,91,92,93,94,97,89,91,91,100,96,98,100,100,99,99,97,96,95,97,98,95,99,96,113,131,100,102,94,97,85,114,143,148,160,168,167,176,202,215,214,203,182,172,174,174,157,145,136,139,147,152,157,159,161,158,157,151,147,141,123,88,21,48,120,126,123,129,135,156,144,121,121,125,134,136,146,
7,156,157,157,156,156,157,198,200,186,166,123,64,88,119,120,129,129,137,139,136,142,157,143,138,124,82,61,86,146,124,93,84,89,84,89,92,87,91,91,88,86,88,90,86,109,123,129,100,93,93,91,96,94,95,100,102,103,88,88,86,90,93,97,98,103,96,95,97,96,94,92,94,93,100,101,97,107,91,80,130,103,125,137,145,151,162,169,182,199,209,207,192,178,171,173,174,163,155,138,141,146,155,162,162,161,161,155,144,139,127,106,40,16,62,121,123,124,129,127,125,131,117,117,129,133,140,152,
5,156,156,157,154,154,155,154,154,153,136,89,78,119,116,122,129,134,135,137,137,186,214,177,124,100,29,45,121,133,121,93,87,89,87,87,88,92,90,90,85,86,92,94,94,117,135,203,125,90,93,91,90,96,101,104,107,104,96,89,92,90,93,98,96,97,97,96,93,91,92,88,91,90,92,91,95,99,105,140,92,100,121,132,142,148,160,172,183,190,192,190,174,169,168,169,167,168,157,143,146,147,151,160,159,162,159,152,137,128,111,61,13,12,80,121,128,124,121,128,128,130,118,116,129,138,144,149,
21,151,146,150,150,150,152,153,151,133,94,58,99,115,115,123,134,136,135,133,175,220,220,157,106,42,11,86,121,126,112,94,90,91,89,86,85,89,88,88,84,97,95,92,125,135,205,146,87,92,93,87,89,98,106,106,101,97,91,94,90,92,96,94,94,94,95,98,97,96,93,90,94,94,93,93,94,93,95,99,114,128,114,130,140,145,159,166,168,166,170,171,168,166,167,170,171,176,158,143,152,152,153,158,161,159,158,140,121,103,62,12,10,10,90,124,127,124,122,127,128,134,124,120,131,134,141,151,
25,88,89,104,122,150,153,150,137,102,60,69,116,111,118,129,135,131,134,156,214,219,179,94,56,15,34,122,127,117,104,93,89,88,87,87,89,90,87,88,85,94,98,104,126,162,172,130,89,92,92,91,90,84,95,103,100,95,92,90,93,90,94,96,97,98,97,96,101,99,99,97,97,92,93,93,94,95,97,96,98,95,116,134,137,146,157,160,158,156,153,158,165,167,172,167,169,174,158,149,153,155,154,158,162,159,151,121,93,47,13,7,12,7,84,121,133,124,124,124,128,133,134,123,133,137,139,145,
27,100,113,115,113,109,129,140,95,58,35,105,112,112,122,136,133,129,179,211,216,159,81,45,17,14,107,106,75,98,104,91,91,93,90,85,87,84,82,83,91,101,100,124,130,206,150,84,90,88,92,95,91,92,89,91,96,89,89,90,92,92,93,93,98,98,99,100,101,99,99,103,102,96,96,95,95,96,96,98,99,93,94,92,152,144,147,153,151,151,150,152,153,162,169,165,168,170,161,154,149,156,159,156,160,157,145,81,32,12,6,8,7,8,63,124,129,125,124,121,125,132,136,130,130,140,145,151,
36,111,120,123,123,131,133,130,114,29,79,118,110,119,131,131,127,129,173,203,134,66,37,15,10,100,97,76,83,98,98,95,91,90,89,88,86,86,88,84,91,104,129,126,153,169,119,89,90,92,94,92,92,94,91,91,89,94,90,93,94,90,91,94,96,97,101,101,99,100,101,101,101,102,100,96,94,97,98,95,96,94,99,96,88,165,142,145,151,147,150,151,152,161,162,157,165,165,162,154,152,158,159,163,156,156,141,19,8,7,7,9,11,11,41,121,125,125,124,116,113,128,132,134,128,140,146,153,
52,116,123,127,127,134,135,143,137,87,94,110,113,127,124,121,126,143,121,103,66,26,15,11,83,89,79,73,107,99,98,92,91,90,88,86,88,83,86,86,87,119,99,133,148,153,85,90,92,94,99,97,94,98,97,95,91,93,91,92,94,95,93,93,93,94,98,101,101,101,102,100,98,102,99,97,96,97,98,97,97,96,93,97,96,92,155,142,146,152,151,147,152,159,163,155,163,162,163,158,155,152,161,165,164,153,122,6,6,13,9,9,9,11,24,113,123,128,127,125,110,125,131,134,131,139,147,158,
42,123,122,129,129,133,138,140,140,127,101,109,117,123,119,157,170,159,101,62,24,16,12,16,112,82,79,91,121,109,95,96,92,90,90,89,84,79,84,82,84,112,115,170,161,116,86,88,90,91,94,96,95,114,128,96,90,95,96,94,95,97,96,94,95,95,96,98,99,100,100,99,100,101,97,96,98,98,95,99,98,99,95,98,102,99,110,145,148,152,155,148,150,155,162,157,163,164,165,162,158,153,165,162,160,153,95,7,7,10,14,14,15,16,14,101,118,124,124,123,110,109,127,135,130,138,152,155,
32,113,120,126,129,127,138,139,139,134,85,107,115,126,194,214,149,102,49,20,13,12,10,140,99,90,87,108,116,98,93,94,90,90,87,88,85,82,81,84,120,97,141,154,147,92,90,87,90,93,99,96,96,98,96,97,97,90,98,91,95,97,97,98,96,95,95,100,99,100,102,101,100,99,100,100,96,96,96,99,96,98,97,99,98,97,97,146,143,150,147,146,149,155,156,157,160,165,165,164,161,150,166,166,163,151,58,15,14,16,14,19,40,80,115,115,116,116,124,124,112,101,118,134,127,140,151,157,
30,111,117,123,123,129,135,141,138,133,93,111,135,211,213,138,79,41,19,13,12,14,102,118,100,90,94,106,90,94,96,93,94,93,89,88,85,86,86,92,109,118,147,164,102,91,91,88,89,90,93,98,96,99,100,99,98,92,95,98,99,100,100,101,99,99,98,97,98,99,100,101,102,101,101,99,99,98,98,101,98,96,99,97,99,101,104,100,148,142,143,145,145,149,157,158,160,167,165,166,149,111,58,84,90,104,121,144,86,38,64,74,105,108,122,124,126,126,127,127,124,112,111,131,127,138,151,156,
31,105,115,120,127,128,131,138,130,134,100,117,180,198,129,77,34,18,12,12,9,9,141,117,100,92,90,92,88,90,88,93,91,90,90,86,84,82,82,129,114,127,173,147,101,94,93,94,90,91,94,94,98,99,101,99,98,98,90,98,97,96,101,98,102,101,100,100,101,100,100,103,102,104,102,101,99,100,100,98,100,98,98,99,118,100,99,100,114,143,138,143,144,149,157,160,166,157,122,111,106,80,77,88,101,108,118,132,132,145,107,86,102,119,129,128,129,134,132,135,138,126,117,131,128,139,145,157,
41,113,109,119,124,130,136,135,129,119,83,114,133,102,75,36,17,15,10,8,10,92,116,113,95,89,87,86,86,82,88,91,91,90,91,87,85,84,80,123,122,164,173,133,98,96,91,92,92,90,93,94,96,98,100,100,101,98,89,96,96,100,98,100,102,98,100,100,99,97,100,101,106,100,101,100,99,102,98,101,98,98,97,99,97,98,106,104,113,91,141,134,136,144,153,159,112,108,98,89,85,86,92,102,111,123,129,131,136,137,135,140,110,124,130,133,134,144,146,141,144,136,131,121,123,137,142,146,
40,120,105,121,120,125,130,129,124,97,14,62,90,67,25,15,14,12,11,5,109,117,107,102,92,88,85,83,82,83,85,89,86,89,87,87,86,81,119,104,132,178,162,102,100,104,94,93,92,92,91,94,95,98,98,104,112,113,92,96,95,97,100,98,98,101,98,100,101,99,99,100,101,100,106,100,100,99,98,102,99,98,96,99,102,101,101,102,105,94,90,142,131,145,127,94,83,75,83,102,105,98,96,110,121,127,134,133,137,143,140,136,143,114,129,132,144,147,151,155,148,138,139,136,129,123,131,140,
38,114,110,121,122,126,125,122,118,57,15,15,18,19,16,11,11,16,9,101,164,94,94,94,90,85,86,88,88,84,85,90,87,86,85,86,87,82,128,120,145,157,161,93,100,100,93,91,92,91,94,94,96,100,101,122,146,156,109,88,93,98,101,98,97,98,101,101,98,97,99,99,100,99,101,100,103,102,99,100,100,98,100,100,102,101,103,106,105,96,97,98,131,87,71,51,54,59,83,102,93,85,98,118,128,131,137,137,136,144,149,144,144,141,128,138,155,164,170,167,158,150,144,144,138,137,132,132,
39,109,112,118,124,124,119,110,96,23,20,13,14,11,12,13,14,18,77,162,157,88,88,87,91,89,86,86,85,89,87,86,85,82,90,84,86,110,84,126,170,166,162,95,102,98,96,93,94,95,95,96,100,99,107,123,126,143,140,87,95,95,94,101,100,97,99,100,96,99,95,100,97,100,99,101,105,105,106,98,102,101,102,109,104,105,103,101,99,98,97,97,104,21,25,37,60,72,76,76,81,97,106,114,122,127,132,138,141,144,147,154,147,147,142,155,176,189,195,190,175,160,148,149,141,149,136,134,
47,107,115,114,154,130,104,89,48,32,26,21,18,20,22,24,26,29,143,155,135,86,85,88,89,88,88,87,85,86,85,87,87,88,85,85,82,131,118,123,174,187,165,95,103,102,96,96,98,98,92,95,101,100,105,106,98,120,161,101,91,96,96,96,98,96,97,102,98,97,94,96,115,98,100,101,102,105,104,102,101,106,115,114,118,108,103,104,97,100,97,94,94,59,20,37,60,70,87,70,84,94,107,118,119,128,134,136,144,149,148,151,153,148,146,159,170,174,182,190,196,173,164,173,163,149,140,144,
37,103,109,117,208,129,79,44,15,24,20,21,24,32,34,36,29,106,157,145,125,86,83,84,89,90,88,85,89,83,84,85,88,85,87,81,124,111,131,135,190,195,174,92,103,102,97,98,94,98,98,97,97,104,101,103,103,101,111,153,85,92,94,97,98,98,100,101,104,100,101,99,98,98,101,105,153,132,106,101,113,152,126,138,165,127,103,100,114,115,100,94,98,104,11,24,46,82,76,73,89,91,107,116,122,129,133,139,146,147,147,157,161,155,147,164,172,166,166,157,171,173,186,197,198,166,147,140,
38,146,141,150,174,148,150,152,144,134,116,68,28,27,36,35,49,150,151,135,122,104,85,91,88,87,88,84,86,87,86,86,86,86,86,123,125,106,135,137,189,207,177,116,99,95,97,92,92,98,92,97,100,98,103,107,100,100,102,131,110,93,92,94,97,99,105,97,102,98,100,97,99,103,103,107,152,185,191,119,114,158,163,181,165,141,104,99,143,139,102,94,95,99,65,19,29,53,58,77,78,95,105,111,125,127,133,142,144,151,161,166,166,159,150,152,180,166,153,144,141,152,196,212,219,198,155,147,
32,164,162,161,159,158,159,159,156,153,140,133,97,43,32,31,112,153,147,129,118,128,80,92,87,86,88,86,83,83,84,87,87,85,74,132,92,124,140,141,174,198,185,154,95,94,93,95,93,95,95,98,101,99,101,107,102,103,97,96,164,87,93,96,95,96,98,102,100,102,101,98,99,106,101,101,189,208,205,193,167,190,198,202,181,153,106,101,158,158,134,104,97,99,106,13,26,35,45,69,96,96,102,117,120,125,137,140,146,159,177,190,171,157,150,147,198,175,145,133,125,146,185,216,220,205,156,151,
46,164,165,162,162,161,164,164,162,158,144,125,111,84,55,33,145,147,139,126,117,134,71,86,89,86,87,84,83,83,85,82,66,69,88,111,118,134,140,141,154,196,170,152,98,92,92,91,92,95,95,93,97,99,103,103,108,106,104,99,140,90,91,92,94,93,98,98,102,102,100,100,99,100,109,99,171,209,207,207,175,203,213,213,212,156,101,107,180,154,146,115,101,97,102,31,19,26,50,66,88,99,106,113,125,125,130,142,147,171,187,192,180,162,147,146,175,204,148,129,128,144,187,211,211,187,157,135,
21,166,165,167,163,165,162,162,161,157,140,117,98,70,54,82,154,143,129,124,114,128,97,78,89,88,89,83,83,87,100,67,105,115,68,125,51,120,112,121,171,161,153,162,144,110,87,89,90,96,97,94,97,100,99,104,124,139,112,100,96,123,87,92,92,93,96,99,103,103,98,101,99,102,107,110,177,200,213,199,197,193,209,210,205,151,99,116,166,132,117,109,98,97,104,78,18,34,48,65,107,108,110,119,124,125,140,139,153,176,197,201,197,161,148,146,164,131,193,123,127,145,159,172,156,83,86,111,
14,169,167,170,167,166,165,159,157,148,131,112,88,71,46,112,152,139,122,118,111,128,158,67,88,86,87,82,124,165,56,143,111,117,112,113,119,134,102,135,178,151,151,137,187,140,106,88,90,93,95,97,95,98,101,103,107,134,131,103,98,144,84,93,93,96,95,99,100,101,101,99,99,102,109,118,173,193,217,215,177,169,204,205,194,126,103,117,101,105,109,109,99,98,99,100,15,23,49,68,78,98,114,118,123,131,131,146,150,186,202,207,201,172,151,143,166,149,145,171,150,135,134,67,67,101,118,130,
17,172,171,170,171,165,164,162,154,140,121,95,74,57,27,125,149,134,126,117,106,138,143,90,76,84,84,110,164,147,126,80,135,129,128,115,117,140,89,129,158,140,174,163,174,131,147,154,82,91,96,95,97,98,99,106,118,136,150,109,100,102,88,90,91,95,95,99,102,101,101,101,101,102,112,131,173,190,209,206,164,152,198,197,171,112,111,109,94,102,103,109,99,100,104,106,18,27,54,67,74,103,112,119,124,128,135,142,156,193,211,212,203,171,144,141,152,142,134,165,206,122,68,87,104,119,125,127,
19,175,171,169,171,168,163,163,153,136,110,81,56,27,17,142,146,138,125,107,99,133,148,149,66,86,83,167,156,126,111,116,118,121,131,101,103,148,110,160,184,141,172,174,151,162,153,163,107,86,92,93,98,100,99,103,126,146,151,111,102,93,105,88,92,92,96,98,101,101,99,98,100,102,109,137,165,186,202,187,140,147,186,171,132,105,118,101,96,97,99,99,100,98,101,107,30,27,50,69,75,109,116,120,125,133,135,137,162,197,212,213,212,168,143,141,138,162,102,91,96,78,80,96,121,127,127,136,
12,170,169,169,169,168,164,160,147,117,80,53,26,15,19,148,146,139,128,112,132,139,149,147,82,75,141,155,135,112,112,118,122,133,134,141,135,128,118,124,173,177,167,167,163,169,161,157,160,77,92,95,98,102,101,109,140,194,191,136,114,97,116,88,88,91,97,98,101,100,100,102,99,102,114,133,157,176,181,141,115,142,135,126,114,105,120,99,94,96,100,103,100,98,110,113,37,28,50,57,82,96,113,118,122,134,140,141,176,201,214,215,208,170,141,149,154,123,98,80,80,75,87,95,117,127,130,141,
16,170,167,167,168,166,161,149,129,84,60,19,13,17,43,150,147,140,133,128,137,143,136,142,142,75,140,152,123,114,115,119,130,138,139,137,141,146,159,153,145,148,149,148,151,155,154,154,161,92,92,94,97,100,105,110,145,208,208,186,105,102,103,85,91,92,91,95,95,100,96,95,96,99,111,120,141,133,127,122,116,117,110,111,109,103,132,100,93,104,120,169,107,96,117,111,48,22,50,81,83,98,106,120,121,134,130,150,182,205,213,216,204,173,146,145,136,123,80,74,60,83,156,187,114,122,130,138,
19,172,167,166,169,164,155,128,86,37,18,15,18,23,73,154,146,138,127,136,142,138,133,144,152,117,133,130,117,123,126,123,134,132,143,137,149,150,166,159,156,154,160,163,164,162,168,154,163,125,89,96,95,100,103,110,152,203,217,210,118,100,96,94,89,89,92,95,96,97,100,95,96,99,106,113,120,115,113,123,118,111,110,105,106,103,96,97,94,101,158,215,189,97,129,113,53,23,55,66,81,96,111,120,128,136,137,150,186,203,215,213,202,158,135,145,143,114,74,67,111,177,198,211,105,123,130,138,
20,139,138,142,144,140,132,106,53,12,14,21,27,29,99,151,141,125,126,143,135,133,132,142,148,127,133,135,128,122,128,133,135,142,145,146,145,150,171,158,149,151,171,199,206,183,169,162,170,129,89,99,103,100,102,116,152,198,215,209,156,104,96,89,84,91,89,92,95,94,97,101,97,98,100,102,112,112,110,115,113,107,102,99,101,114,93,97,95,103,183,218,224,103,140,119,52,22,48,74,90,100,122,118,126,137,138,152,175,195,213,215,202,166,137,143,156,95,87,125,199,209,212,155,109,123,131,138,
17,85,89,91,95,104,105,109,118,118,73,34,33,27,117,139,139,131,119,144,139,131,139,142,152,113,121,139,130,126,127,134,134,147,150,148,153,162,165,156,151,158,189,217,211,188,170,160,171,113,92,102,104,103,100,119,152,194,214,217,172,107,98,96,84,89,91,92,95,94,96,94,98,102,101,104,105,105,110,108,102,102,100,98,103,89,96,97,91,120,194,216,212,115,136,118,42,22,43,67,88,94,112,119,120,130,146,155,161,171,207,216,207,173,141,141,158,65,148,188,210,201,81,97,116,132,135,143,
22,102,98,99,100,103,111,119,119,120,118,100,34,28,122,139,143,128,123,133,115,128,135,144,147,109,112,144,137,126,128,132,143,148,147,147,165,170,173,162,151,159,188,210,201,180,167,156,167,97,96,102,102,102,102,113,150,188,210,219,197,120,102,89,84,88,93,94,91,95,91,97,99,97,102,101,106,108,104,102,102,100,99,101,100,94,98,93,97,136,202,213,194,110,122,108,27,25,40,59,80,98,105,114,122,126,138,147,153,163,193,212,211,186,160,148,101,136,181,205,202,78,100,106,123,129,133,143,
15,107,108,97,98,106,109,114,121,120,120,89,24,11,117,130,137,124,126,127,121,126,133,134,140,106,110,136,144,129,130,133,134,144,156,152,178,176,177,163,151,162,185,186,165,165,158,155,164,87,92,102,100,98,101,107,143,179,206,212,205,127,104,91,84,87,90,92,90,93,94,96,95,94,103,101,102,106,103,101,102,102,104,100,90,100,96,91,99,172,211,207,177,105,108,105,11,24,45,61,71,86,105,107,108,119,130,136,149,152,194,205,206,189,170,112,129,185,202,211,70,88,102,113,120,129,138,142,
33,100,138,139,94,99,110,109,118,116,110,57,15,10,113,148,125,120,130,127,120,125,124,129,131,117,105,118,152,137,134,139,139,147,143,161,177,174,174,164,145,152,165,158,162,161,157,156,157,123,90,99,99,102,97,110,126,177,195,207,209,143,105,100,87,83,89,90,92,88,91,94,94,96,100,102,104,106,105,106,106,103,99,95,96,101,96,96,115,191,207,194,130,102,100,92,14,26,48,66,67,82,99,98,103,115,122,136,146,148,191,200,200,181,160,118,164,194,208,91,73,94,107,115,116,128,141,141,
34,86,114,165,141,99,100,104,110,115,91,24,13,10,74,146,126,129,130,121,117,124,117,118,121,127,107,116,141,141,134,138,139,148,146,157,168,165,170,162,141,151,151,156,160,157,157,157,157,148,88,97,99,98,98,105,123,148,169,175,173,137,106,105,89,79,74,93,90,91,87,89,94,96,96,101,101,103,104,103,102,93,96,97,103,99,98,119,160,197,182,130,109,97,100,51,16,27,50,59,65,72,82,96,101,111,106,126,133,135,172,189,179,174,109,135,185,200,206,47,74,90,98,105,117,128,135,146,
46,67,78,115,165,128,88,100,101,94,46,11,10,17,68,121,122,116,119,117,113,109,109,106,107,119,116,115,132,136,132,134,134,140,145,148,151,151,160,158,147,151,153,157,159,158,157,154,155,161,82,93,97,98,100,101,111,129,125,130,138,131,112,105,95,85,79,75,89,85,84,83,89,93,100,97,98,99,99,99,96,95,97,97,99,96,107,170,199,190,133,111,104,94,99,16,15,18,43,54,64,64,73,78,89,99,94,107,107,116,138,154,123,79,125,167,200,200,176,131,114,67,78,97,108,126,130,143,
45,73,72,81,93,99,77,79,74,42,14,11,9,17,78,133,112,108,117,112,111,100,106,112,104,120,124,116,121,130,131,127,135,140,149,145,147,149,159,158,159,153,152,160,159,156,160,158,154,166,77,92,93,97,97,99,112,119,118,120,132,120,115,106,98,94,88,72,87,109,132,182,84,87,95,96,95,96,95,97,99,99,100,97,105,103,142,194,201,181,129,105,97,95,95,8,10,23,33,44,53,56,59,57,68,57,55,63,74,84,29,63,91,155,117,178,203,203,197,181,185,210,172,82,107,117,126,141,
42,67,61,58,46,44,48,43,33,12,9,8,9,10,91,116,118,109,110,101,104,95,75,45,32,128,124,116,128,125,126,128,133,139,148,148,149,149,152,161,163,163,157,160,156,160,157,159,152,164,73,88,94,97,97,96,102,106,115,114,119,118,115,111,101,123,151,158,134,156,171,196,208,72,80,84,92,92,94,99,96,102,98,101,99,116,167,171,182,151,106,100,100,94,79,4,10,19,27,32,35,38,40,43,32,23,19,141,168,152,89,112,158,172,154,193,200,198,195,191,183,151,200,216,109,113,116,136,
41,34,42,32,25,27,23,17,12,7,9,6,7,20,96,84,65,53,121,120,86,73,58,50,35,131,125,119,127,125,130,127,130,133,140,143,144,150,154,164,172,183,172,161,154,160,156,157,152,157,72,89,94,94,96,97,97,102,104,103,106,114,110,111,110,88,98,103,99,133,188,201,166,145,78,85,91,96,97,99,96,99,97,100,108,141,184,184,166,115,106,101,94,93,73,117,50,12,19,21,18,25,32,25,20,9,156,166,175,129,178,157,127,168,172,199,191,206,198,187,185,189,204,203,215,90,113,129,
32,19,27,20,19,16,15,13,9,5,5,90,130,64,43,35,32,91,113,92,80,59,54,53,37,141,121,121,126,132,130,130,131,138,139,140,142,147,151,168,181,181,166,159,158,158,158,155,151,153,72,87,90,93,97,96,99,100,100,101,107,110,110,112,106,106,68,79,85,102,158,187,149,205,70,87,93,102,97,99,98,100,104,105,112,130,153,164,130,113,97,96,94,94,121,153,9,13,15,15,18,20,14,15,10,120,151,164,162,159,164,142,157,149,172,196,186,197,179,176,175,203,205,204,207,137,98,122,
65,11,11,10,7,9,8,9,4,66,159,97,63,53,49,45,71,107,96,83,56,51,57,51,52,137,128,122,126,128,127,129,132,136,140,139,147,145,153,157,174,171,160,158,160,158,158,159,150,137,74,87,90,91,91,92,95,98,101,101,105,111,112,109,105,106,114,67,80,90,127,186,174,206,78,81,89,97,97,99,97,103,105,108,130,143,138,143,127,113,99,99,98,94,134,169,8,13,14,13,14,12,18,11,10,147,157,157,159,172,179,186,175,148,170,177,186,193,191,196,196,200,203,206,204,183,94,118,
37,126,120,86,27,8,6,6,153,135,84,49,49,55,50,60,106,105,84,63,52,52,48,48,54,131,133,121,125,127,124,132,138,140,140,140,142,146,158,167,167,164,161,161,159,164,162,159,150,124,80,81,88,91,92,93,98,99,97,100,102,112,113,110,111,108,108,101,76,110,114,174,196,182,156,77,85,91,92,97,96,100,102,106,116,118,118,110,101,105,99,100,96,71,130,177,6,10,13,12,13,11,13,16,46,146,152,153,162,175,184,187,188,181,182,183,193,196,202,205,204,203,202,205,205,184,88,105,
38,122,121,111,111,111,49,149,129,99,70,57,51,48,43,92,109,87,67,60,50,54,53,48,87,131,130,128,122,127,128,127,129,139,140,139,141,147,160,168,163,164,158,159,161,163,164,161,148,100,75,82,86,84,86,89,94,96,96,97,100,102,104,108,109,107,104,101,87,112,98,156,193,157,214,58,77,83,86,93,93,92,99,98,99,103,98,98,98,96,103,105,103,8,112,119,68,5,9,10,10,13,14,11,73,144,149,152,157,174,184,185,186,179,180,188,193,197,206,212,211,205,205,205,206,175,82,106,
41,130,127,119,110,86,133,129,97,85,61,57,55,54,62,93,87,74,56,54,53,58,50,43,107,126,139,138,126,125,123,127,130,134,141,134,144,149,158,160,162,164,160,158,159,164,163,158,151,87,73,77,84,88,90,93,95,97,95,99,101,106,110,112,110,104,99,93,72,115,88,140,197,158,202,90,75,79,87,90,93,95,98,95,95,95,96,98,99,104,110,101,33,11,23,54,96,64,4,11,6,9,9,11,74,143,145,149,154,168,179,184,181,183,185,187,193,201,205,210,214,211,205,204,207,155,83,94,
44,130,126,123,107,113,135,101,82,73,53,53,53,59,76,91,75,61,57,60,58,57,53,43,135,137,137,147,134,124,124,127,127,132,136,138,145,150,159,169,162,167,160,160,159,163,160,157,151,76,70,77,80,84,86,89,92,96,103,100,103,106,109,105,103,100,107,94,77,117,105,132,164,193,165,166,65,75,86,83,87,89,88,90,89,92,93,95,97,100,109,57,10,17,69,113,92,93,45,15,8,10,11,11,79,142,142,145,151,162,171,171,172,177,178,185,193,196,203,206,208,207,205,203,207,123,65,89,
36,128,124,123,95,134,117,97,79,65,59,54,59,59,83,73,58,55,58,55,56,56,50,37,139,151,132,147,135,132,126,126,126,129,131,136,147,149,154,161,160,161,159,159,159,161,157,156,152,71,68,72,74,79,84,93,93,96,97,99,101,99,102,97,87,100,105,115,140,97,123,109,147,199,132,210,54,73,79,81,91,100,113,122,119,136,156,118,85,88,64,14,51,105,130,135,130,131,122,108,82,19,9,9,61,134,139,141,145,157,164,166,168,171,174,180,188,192,200,204,204,204,204,204,209,74,73,91,
50,124,126,82,130,122,106,89,76,59,60,57,60,63,73,64,59,63,55,57,57,53,54,40,134,152,150,145,135,135,135,136,127,130,133,136,145,147,152,159,160,159,160,162,165,154,155,156,160,59,60,68,72,78,79,82,88,93,91,92,96,94,78,68,101,119,121,135,136,112,132,118,135,200,141,210,88,68,59,74,93,103,108,91,106,121,135,143,155,139,10,22,67,128,127,131,133,136,135,122,111,95,26,6,37,133,135,138,141,151,160,162,164,167,167,174,177,186,196,201,204,204,204,204,212,34,45,78,
36,128,82,125,128,112,86,69,60,60,60,63,62,62,67,60,57,56,54,50,59,51,45,46,124,153,150,143,136,138,139,134,138,135,133,141,145,149,156,157,159,160,163,163,160,158,161,153,161,48,57,67,76,71,73,74,76,79,76,76,68,59,63,97,112,112,125,136,147,159,109,111,127,197,165,188,164,69,75,88,97,107,82,94,109,139,128,130,140,152,157,62,78,116,129,132,135,140,136,132,125,107,85,17,24,131,129,132,138,148,152,155,159,161,164,168,174,178,191,200,199,202,201,202,207,10,29,47,
37,95,120,113,117,93,67,54,50,52,56,56,55,61,62,60,60,59,59,56,54,53,46,72,126,149,147,141,138,136,139,138,135,138,139,143,149,152,155,154,161,157,162,159,160,158,161,146,164,33,45,51,56,51,57,55,53,42,46,71,53,58,81,117,128,122,125,143,149,160,105,117,113,192,182,168,201,67,78,82,103,96,80,88,116,124,133,140,137,140,146,149,123,102,128,134,140,137,137,134,138,121,104,45,10,124,126,126,135,137,148,146,155,157,160,164,166,172,186,196,197,196,196,195,157,12,23,113,
32,117,110,118,99,82,63,59,51,51,55,52,56,61,62,62,52,54,55,58,56,56,49,111,131,150,148,141,138,136,138,136,137,139,141,148,146,154,156,158,159,160,157,159,160,160,160,152,156,22,35,36,36,32,34,41,65,87,95,91,61,92,110,122,128,144,130,130,148,162,105,121,105,153,168,159,206,102,63,87,94,78,87,99,107,122,134,138,139,151,155,152,151,134,120,131,140,146,149,150,143,134,115,75,10,102,126,131,134,135,138,147,145,154,153,158,161,168,178,182,182,182,179,177,60,109,185,143,
35,114,128,107,83,73,56,52,55,51,53,49,61,63,62,57,56,59,55,56,53,62,47,135,143,149,152,139,136,137,137,137,137,140,146,149,151,155,157,160,160,160,156,159,162,161,160,153,135,31,39,40,50,55,67,87,100,99,103,96,79,98,153,118,124,146,148,138,151,171,96,126,108,139,161,173,188,180,59,84,93,79,79,102,102,113,122,132,145,152,159,159,152,152,133,129,139,145,166,176,190,133,127,95,21,50,103,118,125,125,132,133,137,144,147,149,151,159,165,167,166,162,156,146,170,174,114,82,
38,124,118,95,79,70,69,56,56,54,54,57,57,60,59,57,57,57,56,52,55,51,41,132,146,150,146,141,135,139,139,138,141,141,147,147,151,156,161,162,162,160,158,159,163,162,160,150,106,63,69,59,53,95,107,111,115,118,127,122,95,78,83,154,88,55,101,149,175,180,88,118,102,121,149,182,189,203,78,88,190,58,85,95,108,111,121,141,149,158,165,165,153,144,152,133,139,147,183,202,202,192,132,114,40,19,88,97,115,123,126,128,131,134,132,136,136,140,139,143,140,136,139,169,145,83,84,88,
38,119,109,89,78,70,56,57,53,55,56,59,62,58,58,62,61,57,56,54,54,52,54,130,148,147,142,137,136,140,137,141,142,145,146,149,155,159,163,159,163,160,160,163,164,162,161,155,77,58,60,63,113,110,120,128,126,127,141,131,113,102,71,83,104,22,94,117,129,151,105,120,122,122,161,190,170,203,119,156,101,132,84,95,107,114,126,139,155,144,135,119,122,126,123,128,139,148,183,203,208,202,183,119,72,11,58,92,101,113,118,117,122,125,120,115,112,118,115,104,98,140,143,135,91,92,84,90,
29,106,100,90,80,63,59,59,58,58,56,59,59,61,61,61,60,56,60,59,57,55,59,127,147,153,144,140,140,138,140,140,141,146,147,150,156,158,158,161,163,159,158,161,165,160,157,146,49,57,61,110,116,119,131,154,130,132,136,135,140,131,111,50,60,39,97,74,45,95,117,132,123,118,145,186,178,201,171,173,66,70,138,99,91,123,133,139,115,81,82,90,99,133,129,119,123,112,154,205,209,211,205,129,98,11,31,84,95,110,109,104,106,112,102,94,98,94,82,81,119,121,109,85,84,85,86,90,
43,96,83,74,68,62,60,59,58,62,59,62,61,66,61,62,69,70,64,59,59,51,70,121,152,145,145,139,137,138,144,142,146,145,147,149,155,160,157,159,164,160,157,160,164,161,156,121,30,41,101,114,122,122,161,146,140,144,144,142,143,166,173,81,30,57,14,15,35,117,119,138,125,126,142,172,196,195,182,157,68,115,129,118,102,104,141,78,60,65,75,87,111,124,132,137,135,134,140,124,208,215,200,131,112,12,17,61,78,95,90,95,95,92,88,87,87,74,85,94,98,79,76,85,86,87,89,92,
39,84,80,77,73,70,69,63,60,56,60,55,59,64,60,61,63,59,60,59,59,51,73,127,138,148,141,141,141,139,143,145,147,148,145,150,155,159,158,162,163,159,159,164,164,163,142,81,25,70,108,119,123,144,138,152,152,154,153,156,161,182,193,68,107,64,41,22,120,115,130,129,125,132,159,163,200,199,187,178,181,66,149,83,98,123,132,40,60,72,83,99,110,113,128,132,137,144,140,138,140,212,205,130,124,10,13,36,76,84,86,85,83,76,71,69,69,80,86,90,76,76,82,85,89,94,91,91,
31,81,81,75,76,72,70,67,57,60,56,58,59,68,68,64,62,62,60,58,59,53,82,128,142,145,140,139,140,139,140,145,147,148,149,152,155,160,159,160,159,158,158,163,163,163,130,32,21,102,114,118,127,134,139,141,151,150,159,164,173,176,141,133,151,104,22,16,116,118,126,144,126,131,157,183,196,194,189,173,174,96,123,176,130,108,113,48,70,77,86,111,116,128,135,143,150,146,148,143,137,136,200,133,126,15,11,25,59,71,71,75,73,67,61,57,73,81,77,81,78,83,88,90,91,93,91,95,
20,82,85,83,78,77,74,75,67,57,60,59,60,68,71,64,60,59,56,60,56,61,91,132,133,143,141,137,140,141,138,147,148,149,150,154,162,163,159,162,157,159,158,162,161,166,84,17,47,109,120,123,130,133,124,128,130,136,142,153,149,80,24,144,171,153,109,36,74,128,129,155,139,143,145,147,192,181,159,166,198,137,98,124,141,98,87,74,86,92,92,93,111,127,127,139,139,149,152,152,144,146,139,130,125,10,17,25,53,54,68,67,66,61,54,61,73,73,76,76,84,82,88,88,93,94,91,94,
11,78,80,84,80,80,73,75,76,67,60,61,61,74,75,74,59,60,60,62,62,56,98,130,136,142,143,138,139,141,144,147,151,150,151,154,160,160,159,160,159,160,159,163,162,164,37,13,78,118,126,126,125,124,121,116,129,132,144,141,146,170,60,11,117,150,151,137,44,124,156,127,129,146,165,153,198,184,178,178,126,112,164,166,124,160,61,81,93,93,104,104,108,118,133,135,143,146,147,153,158,143,151,120,113,13,13,19,36,55,56,52,56,49,45,71,72,82,81,86,89,86,90,92,92,91,93,96,
3,80,78,75,81,83,78,76,79,74,65,61,68,75,75,67,59,64,60,57,60,50,102,132,143,147,141,140,144,144,144,148,149,149,155,158,161,158,159,160,157,160,160,160,163,147,22,12,88,125,128,131,131,127,123,129,134,131,145,149,155,167,180,102,11,80,128,117,137,150,141,72,131,154,160,136,169,178,209,75,108,103,148,193,154,18,30,96,107,98,96,99,118,125,137,142,145,156,153,156,156,154,141,139,97,10,10,15,28,35,44,55,39,39,64,68,76,79,84,88,84,86,86,88,90,89,92,97,
3,75,75,66,71,82,80,78,82,77,67,66,60,78,78,66,66,63,59,59,54,46,114,132,151,142,140,138,141,140,143,146,149,151,156,155,159,159,159,161,159,160,160,159,156,122,15,40,102,130,139,137,140,134,127,126,130,127,128,126,133,124,128,130,103,105,110,87,75,61,145,167,146,147,183,155,146,148,172,115,145,177,149,49,172,17,19,75,85,79,85,117,129,129,133,143,154,155,162,172,167,155,149,148,65,12,12,14,22,29,35,34,21,66,73,78,79,77,84,86,87,88,88,86,92,90,94,100,
19,72,78,70,72,71,79,82,80,78,69,63,62,69,70,61,59,60,58,49,48,38,122,131,153,145,140,140,144,143,144,148,153,155,156,157,157,157,158,162,160,159,158,159,140,87,16,89,118,136,142,143,136,128,124,128,128,126,120,108,106,111,103,134,135,132,134,138,131,131,126,132,133,110,79,92,123,136,121,95,120,102,118,135,133,143,134,129,139,142,129,118,119,133,132,138,148,167,175,187,176,161,152,144,60,12,10,13,17,20,22,21,46,83,80,76,73,81,82,84,90,90,90,90,89,90,98,102,
17,64,65,75,65,69,72,73,78,80,72,64,61,67,70,62,61,56,55,47,41,31,117,135,152,143,140,141,141,142,145,149,153,156,155,160,158,161,162,160,160,158,156,147,129,42,14,105,134,148,135,137,123,121,126,123,128,124,116,120,115,120,122,125,129,133,134,123,122,129,132,135,133,145,172,50,11,23,96,84,87,104,120,121,139,124,137,131,136,139,134,133,135,138,137,144,171,157,176,190,187,167,147,146,91,11,11,11,17,11,16,18,96,76,78,82,85,80,85,93,91,93,93,92,91,93,96,132,
19,69,60,61,62,67,67,73,71,73,70,65,64,59,64,62,58,55,50,45,44,33,116,136,151,145,141,142,141,141,148,150,150,153,156,159,159,162,164,160,157,158,153,139,105,20,28,102,137,152,137,123,115,123,122,129,126,127,127,126,127,124,129,126,125,129,130,126,129,132,133,131,135,142,147,155,93,61,94,99,98,108,120,129,140,138,136,139,140,137,142,145,139,141,131,141,141,162,172,188,190,163,158,141,121,9,11,13,12,12,8,86,78,74,76,83,79,87,82,86,95,92,94,92,91,98,125,167,
24,67,62,60,65,62,57,68,70,68,66,68,64,65,60,62,61,56,52,44,37,43,113,139,150,139,139,141,139,142,146,149,151,155,157,158,158,161,160,158,158,154,150,127,79,17,48,111,137,145,123,117,123,117,126,129,124,119,115,112,115,117,119,115,137,126,129,135,143,135,134,137,141,145,149,150,123,59,100,102,104,113,109,127,136,138,142,138,143,145,145,150,158,153,153,152,144,163,179,181,188,164,172,146,132,9,11,13,12,10,52,74,71,75,79,81,86,85,88,87,91,94,97,95,106,113,173,198,
27,67,62,62,63,68,62,65,71,70,63,65,61,66,60,57,58,52,49,46,36,58,114,139,149,139,139,137,143,144,149,150,152,154,156,158,155,159,160,158,155,152,135,113,59,17,73,110,127,130,120,121,122,118,120,120,122,117,115,125,119,123,118,122,124,126,122,129,133,133,130,138,152,179,170,157,142,89,88,93,110,114,123,119,129,141,149,151,162,173,175,186,192,193,195,172,152,154,167,177,179,169,176,146,138,8,10,11,12,21,81,69,67,70,74,84,84,83,89,89,92,94,95,94,108,147,198,212,
7,70,63,62,71,58,55,51,66,69,66,66,65,57,58,59,55,50,41,44,34,89,113,141,144,139,140,140,139,144,151,149,152,154,159,157,156,160,157,156,151,144,129,100,41,18,80,105,120,111,110,116,119,121,116,122,121,117,120,123,125,124,126,130,134,119,133,132,134,129,134,140,177,209,209,201,171,106,89,97,109,120,118,116,128,135,139,147,177,193,213,213,213,211,210,201,165,160,163,178,170,168,169,148,136,10,13,10,11,75,66,61,69,69,76,84,90,93,90,88,92,96,98,101,113,177,204,217,
3,68,64,67,66,63,56,45,46,65,65,59,62,57,48,43,48,46,35,38,28,113,113,137,145,139,137,139,142,144,148,148,152,154,158,156,155,169,155,154,148,135,115,80,31,22,83,107,113,117,116,122,122,117,122,122,119,119,122,123,126,126,130,135,126,126,127,129,125,131,132,147,184,210,216,214,209,147,87,102,111,114,108,109,127,133,145,148,157,191,211,216,214,210,208,194,163,156,155,174,168,152,162,142,139,10,12,13,57,65,63,62,65,72,75,81,91,90,90,90,88,92,96,104,166,183,211,214,
20,67,62,64,67,67,62,51,38,59,64,65,60,49,40,25,28,35,31,25,13,129,118,136,148,138,141,141,141,148,147,149,154,157,159,159,160,180,150,151,142,125,108,70,22,26,89,100,108,113,119,120,121,118,126,121,118,123,125,121,121,125,129,134,134,129,128,128,122,134,148,163,188,210,211,213,214,171,79,105,108,104,102,114,116,130,143,157,165,182,202,207,205,200,186,171,149,148,157,165,154,155,154,139,138,12,15,18,66,60,62,66,71,70,79,85,95,93,91,94,96,97,96,114,177,191,218,208,
22,73,68,63,63,76,72,51,43,27,50,55,51,40,38,71,87,93,117,72,8,118,120,132,149,139,141,141,144,147,146,149,151,152,156,152,155,152,148,144,136,119,100,63,22,39,88,101,109,118,125,120,120,129,128,122,122,122,118,121,122,124,129,132,128,124,124,126,130,137,169,177,187,199,206,209,210,181,74,98,97,99,97,110,114,118,131,142,157,170,181,187,191,185,165,152,149,147,151,155,156,154,150,143,139,11,16,38,58,60,64,69,77,77,81,84,92,95,94,91,97,96,104,114,173,201,208,192,
30,74,64,64,67,73,74,58,47,32,22,51,75,97,61,47,73,83,22,14,25,123,127,137,143,135,138,141,145,147,146,148,152,154,154,153,152,153,149,144,130,113,98,64,21,45,86,107,106,120,122,122,127,129,127,119,119,122,122,122,124,130,125,132,122,117,123,127,140,148,171,177,179,170,182,188,197,183,97,88,96,91,97,99,107,114,124,127,123,145,148,163,164,154,153,149,151,146,147,149,152,145,146,144,130,9,11,49,47,55,63,69,75,81,84,85,95,94,94,92,98,103,107,136,180,193,187,131,
48,70,68,67,64,64,66,56,37,32,61,78,58,52,34,34,46,49,20,15,37,119,128,137,148,140,140,139,146,148,146,151,154,152,151,149,150,151,145,135,129,113,93,64,18,47,87,97,106,116,124,125,131,130,130,125,122,121,121,118,123,130,129,126,116,111,121,129,139,150,148,157,157,151,162,179,178,175,102,81,90,87,99,96,101,113,116,121,118,128,133,133,147,149,148,148,147,144,149,141,145,141,145,140,106,11,10,52,48,53,63,70,75,79,81,86,90,94,93,92,98,102,114,163,178,187,154,103,
48,65,66,67,65,63,59,49,32,113,67,26,22,100,116,72,92,96,28,23,76,118,133,139,142,138,141,140,144,146,146,150,150,152,151,144,147,149,145,135,124,109,92,65,21,49,83,91,103,105,120,122,125,130,128,126,123,122,122,119,125,123,123,124,109,116,125,125,134,135,133,137,139,153,142,145,151,151,107,86,82,83,91,97,104,108,112,121,117,120,123,134,142,147,148,146,149,143,141,140,138,137,142,138,94,13,17,42,43,55,65,69,80,79,83,92,93,95,94,96,97,107,128,170,177,176,113,100,
40,65,65,65,63,63,58,44,85,71,47,26,115,74,46,39,91,68,22,19,93,119,134,142,145,144,144,142,147,147,150,151,151,153,151,146,149,148,138,128,123,111,91,55,28,50,84,97,105,103,109,111,116,125,131,124,123,121,116,119,119,114,117,121,107,105,122,129,127,134,135,136,133,138,136,142,139,134,107,83,83,90,97,99,101,107,108,115,115,122,125,132,140,140,143,143,143,135,135,140,141,138,144,137,72,11,24,41,48,57,69,75,78,80,81,91,95,89,92,91,98,110,139,166,168,137,101,96,
30,59,62,58,59,54,49,54,69,37,15,99,74,61,107,37,47,28,19,35,108,114,136,146,143,144,136,145,147,146,148,151,150,152,147,143,146,146,138,128,122,117,86,46,23,36,79,95,94,97,97,102,108,107,119,114,118,119,117,119,115,120,120,109,101,108,116,121,122,131,126,127,127,127,127,136,133,118,100,85,89,87,98,96,96,102,111,111,110,116,124,132,141,143,139,142,140,137,130,136,138,138,141,135,45,14,24,37,49,57,62,68,74,81,86,92,94,91,92,95,99,109,148,160,144,126,102,93,
27,57,58,55,48,48,43,89,56,49,25,101,24,101,112,79,85,20,74,14,119,120,138,152,141,142,142,142,149,147,149,150,153,150,145,140,142,143,136,128,114,109,90,39,20,24,75,97,99,101,97,94,90,102,105,109,107,106,108,107,109,106,106,106,105,103,111,116,126,126,128,129,127,126,125,129,125,120,104,89,88,86,95,96,91,102,106,107,113,114,119,124,128,133,137,140,139,137,129,139,139,137,135,136,26,19,25,49,56,62,68,68,75,81,86,90,90,89,93,98,99,105,147,157,162,128,97,90,
30,80,64,60,55,44,70,44,37,24,74,111,54,95,96,107,99,53,45,15,122,115,138,148,143,144,142,146,150,147,149,153,150,149,145,143,149,142,138,127,120,116,96,34,21,23,69,89,91,100,92,85,87,89,94,102,103,96,99,100,102,103,101,105,102,108,104,116,119,125,132,131,122,122,123,126,122,108,101,99,88,102,99,95,99,104,107,108,115,119,124,128,128,128,129,135,137,129,129,135,136,134,136,137,11,26,26,41,50,61,63,72,77,79,87,90,90,90,94,96,100,104,132,153,143,103,94,89,
41,75,68,62,64,68,60,65,31,22,67,89,65,67,100,97,77,98,26,29,125,118,142,146,139,137,143,144,149,148,151,148,154,149,144,155,150,141,132,128,121,109,98,35,23,16,62,88,101,101,92,88,85,91,91,101,100,91,95,90,93,97,96,97,97,105,107,111,122,127,127,125,118,116,124,127,124,114,106,101,97,100,107,99,97,105,104,110,111,114,117,120,128,122,126,130,135,129,129,134,131,138,133,133,10,19,22,48,59,62,66,72,77,81,84,88,89,87,89,95,103,103,131,142,111,102,89,86,
37,60,62,60,61,58,53,52,46,30,54,52,78,58,101,104,81,120,35,18,122,118,140,145,142,137,140,147,150,149,149,151,149,146,138,140,146,139,136,127,121,115,98,26,20,21,44,81,92,95,101,85,90,87,87,95,93,92,88,90,91,95,104,99,106,97,109,112,119,128,125,121,120,124,119,118,116,102,96,96,93,101,96,99,104,97,107,108,111,115,118,119,123,127,125,131,129,129,132,131,129,131,129,119,11,21,15,48,57,67,69,71,76,78,86,85,89,88,91,90,96,105,119,112,108,91,90,82,
37,53,61,58,59,59,48,39,52,36,40,49,71,90,100,109,117,85,126,45,121,117,141,145,143,139,142,147,148,149,149,151,148,142,135,146,144,140,131,129,120,116,89,29,21,18,31,70,91,102,99,94,97,86,87,105,101,94,90,90,95,102,103,99,103,99,105,112,113,122,128,126,125,125,124,120,112,101,94,97,97,103,105,101,109,109,108,105,113,118,115,122,123,121,119,124,129,127,128,129,130,131,135,112,13,24,17,43,57,68,75,75,75,83,84,87,86,88,89,96,97,98,102,107,102,93,85,79,
36,44,48,49,51,49,44,33,34,44,22,68,17,77,51,80,87,30,81,77,121,116,137,143,141,142,144,150,150,150,151,151,151,139,139,141,141,142,132,126,122,116,85,31,18,21,23,64,78,88,99,97,97,100,94,105,106,99,86,88,93,106,109,106,101,100,101,112,112,120,124,123,132,126,128,119,107,92,83,89,93,103,105,99,109,104,108,107,110,118,121,124,121,117,116,126,128,124,124,126,132,134,136,86,14,23,20,38,62,66,75,67,78,83,85,86,87,88,88,90,93,95,96,100,102,93,83,76,
46,14,26,39,40,33,31,24,26,40,25,53,76,62,72,64,54,21,14,55,126,119,140,144,144,141,143,147,146,151,152,154,150,142,134,141,136,138,133,129,120,118,70,26,18,21,24,38,72,78,92,97,98,100,95,100,105,94,84,89,102,107,111,106,103,91,96,97,105,117,121,123,121,128,125,121,106,92,84,88,90,100,102,103,112,111,107,108,112,115,117,112,115,117,115,122,126,122,128,130,132,137,142,64,10,12,25,26,58,64,73,75,72,80,86,87,88,86,88,91,93,95,93,95,98,89,84,74,
42,23,13,16,11,17,37,43,61,64,56,38,35,47,66,68,48,51,36,87,122,121,137,141,141,143,141,147,147,151,152,151,146,140,136,141,140,139,133,132,123,115,56,20,21,17,23,21,67,67,79,90,99,102,95,102,110,98,85,86,98,107,110,104,102,89,94,98,102,114,122,118,120,125,123,115,104,87,82,88,90,91,106,100,108,106,107,108,113,112,112,108,115,120,118,120,124,125,132,130,135,136,132,56,12,16,29,8,58,65,71,76,76,76,85,84,84,87,90,92,91,89,91,92,89,86,78,70,
39,24,20,13,11,11,34,44,51,53,54,52,56,75,48,25,53,31,32,109,123,123,136,146,143,141,142,148,149,150,150,153,154,140,132,140,144,141,134,130,125,113,59,19,21,23,21,26,56,71,74,80,97,104,105,99,106,99,93,86,98,105,104,105,101,93,87,95,94,108,121,122,122,129,120,116,105,89,92,91,92,90,98,98,99,105,107,103,108,112,110,110,113,121,114,118,127,126,128,137,141,140,138,47,11,12,16,18,32,63,72,77,80,77,80,80,84,86,89,89,92,89,88,86,89,85,79,75,
33,42,40,28,18,11,18,39,41,43,53,48,77,85,43,19,57,40,16,128,125,121,135,147,141,142,145,149,147,150,148,151,149,140,136,144,144,145,137,131,125,114,47,16,19,20,17,21,24,65,70,70,82,100,100,92,101,113,97,86,89,107,110,107,109,103,97,97,99,101,113,118,118,115,122,107,98,87,82,87,84,85,93,88,92,98,95,102,109,109,114,117,116,119,121,124,130,128,128,138,133,144,140,46,11,18,18,28,9,53,70,73,81,81,83,82,88,87,90,88,89,88,87,87,83,80,72,60,
47,55,59,63,47,26,10,26,33,35,44,34,46,14,28,78,103,64,28,133,127,118,139,147,143,143,146,146,149,149,151,150,148,135,134,143,148,148,134,132,127,105,40,17,20,21,25,22,25,62,70,75,75,93,99,92,88,104,98,89,88,99,106,105,108,106,102,90,96,103,106,116,121,120,121,110,96,85,84,86,84,88,98,98,90,95,99,102,105,107,109,110,113,121,119,122,131,137,131,138,137,140,137,60,13,15,20,41,15,11,64,76,79,79,81,82,80,82,80,84,85,83,84,81,79,75,68,66,
22,60,71,76,80,64,46,15,21,28,31,36,38,25,23,31,30,24,18,132,127,117,139,141,140,140,146,146,150,151,151,151,146,139,143,148,150,147,139,132,129,88,27,20,22,20,20,21,20,45,65,71,79,86,94,91,97,95,99,105,83,89,105,111,111,110,107,97,95,95,105,109,118,114,144,114,100,87,84,89,85,92,98,103,97,92,98,97,102,106,108,111,127,120,122,127,132,133,133,138,137,138,134,71,13,16,29,39,21,14,12,70,75,83,86,83,83,82,82,80,84,81,78,74,69,64,67,66,
21,65,72,73,84,72,65,59,27,18,25,30,25,24,27,39,43,49,54,132,129,116,137,138,137,144,148,145,152,152,151,151,146,136,151,153,148,148,143,134,129,71,15,21,19,21,19,20,20,38,61,72,82,89,103,93,91,92,105,102,88,84,93,103,106,114,100,100,96,89,104,112,112,122,123,121,113,97,88,81,86,95,106,99,99,108,104,99,94,100,103,111,112,116,119,125,137,133,132,136,132,135,134,65,15,17,27,46,43,24,17,11,53,80,84,84,81,84,82,79,78,73,68,67,68,73,71,71,
20,60,71,90,96,83,71,74,66,52,15,21,18,21,35,39,34,34,77,132,130,115,137,138,135,142,147,145,150,153,159,172,166,144,163,157,153,145,138,134,131,59,19,21,16,17,19,21,22,32,58,61,82,86,94,98,91,98,106,97,95,85,89,99,107,111,107,98,90,89,95,105,115,122,126,118,110,90,84,80,87,93,102,101,109,110,114,109,108,112,118,111,120,119,126,125,127,134,131,132,140,136,131,54,13,20,38,68,56,45,22,16,12,11,45,73,78,77,81,73,68,61,62,68,67,76,73,66,
17,63,52,54,60,72,75,66,65,63,49,13,15,19,25,32,34,31,99,135,138,119,136,140,135,140,149,146,150,149,154,157,146,149,160,157,150,146,138,136,128,35,18,20,19,20,22,22,23,28,49,64,76,89,93,88,97,98,104,102,93,75,86,95,102,104,102,101,89,89,95,102,109,117,122,121,106,87,92,89,83,97,95,100,105,113,109,115,127,110,110,115,114,118,123,120,127,134,141,135,129,135,132,37,15,16,34,66,77,68,33,14,10,10,14,16,21,39,53,56,67,67,68,65,68,67,69,68,
10,96,94,83,80,71,67,48,42,51,53,35,11,13,21,22,26,18,122,129,136,119,134,139,141,144,147,145,150,149,150,145,142,142,150,151,154,149,143,138,110,21,17,21,20,18,19,19,23,22,41,70,71,85,93,92,92,100,99,111,99,80,79,92,101,104,107,101,90,86,88,99,108,109,114,109,93,80,84,85,89,90,95,98,103,114,108,114,115,118,115,120,124,120,126,125,129,138,145,132,136,132,135,22,12,13,22,56,86,80,71,15,13,11,19,35,52,63,69,65,71,77,70,66,70,69,69,72,
18,85,77,79,76,72,76,67,65,59,37,40,34,30,40,51,49,31,130,134,136,123,136,139,141,144,145,147,146,148,153,154,142,144,149,153,151,148,140,138,71,13,21,18,22,21,25,22,23,25,50,73,68,85,95,90,90,102,101,101,95,78,75,86,96,103,108,104,96,92,81,98,106,114,109,106,98,86,78,86,90,87,99,100,107,108,114,115,121,118,121,128,122,126,123,124,132,139,137,130,133,136,136,10,10,11,15,37,61,68,180,12,12,11,31,53,55,64,65,70,72,68,71,67,70,67,71,67,
16,107,100,100,96,92,90,86,85,84,84,90,81,78,79,76,71,64,131,138,131,124,133,138,139,141,143,144,148,148,151,146,143,146,150,156,149,149,144,137,45,16,19,19,20,20,24,27,23,28,41,65,75,78,87,89,86,98,103,99,84,80,80,87,90,102,107,106,97,87,87,98,105,107,104,103,88,75,75,86,85,97,97,100,110,112,108,119,118,123,121,122,123,124,123,125,135,138,136,133,133,128,130,9,11,12,12,14,32,41,85,30,10,17,37,52,54,67,73,74,73,76,73,70,70,68,66,65,
17,128,124,121,115,106,101,93,90,86,78,83,83,80,75,76,67,82,135,139,114,130,135,137,137,138,145,147,147,148,148,148,143,148,152,153,150,146,139,112,20,17,16,17,22,21,22,24,27,28,32,64,64,82,79,85,79,90,98,95,78,75,94,76,98,104,108,98,94,87,86,95,98,112,107,103,93,72,77,80,82,96,95,100,107,104,114,113,114,116,116,112,122,125,122,121,131,132,132,132,129,126,119,10,10,10,10,10,14,19,18,29,10,21,42,54,64,68,73,80,80,76,72,73,68,65,65,70,
20,141,138,133,128,119,117,109,101,96,90,87,83,83,83,81,72,104,132,138,107,130,132,139,139,143,146,147,149,150,151,146,145,151,153,151,151,149,141,83,14,18,16,20,21,25,25,29,31,30,31,52,59,75,76,80,84,93,101,104,92,83,90,96,103,110,106,101,97,92,90,97,97,116,112,104,85,77,83,78,81,90,92,100,109,104,109,110,114,120,116,114,123,118,117,120,127,134,132,129,130,128,59,13,12,14,12,13,12,13,14,15,9,25,51,60,69,77,79,80,81,75,74,71,70,65,69,71,
23,151,147,148,139,131,126,122,114,105,100,93,87,85,84,81,68,120,133,131,114,135,130,135,139,145,147,148,149,151,148,148,146,154,157,152,153,147,141,41,14,18,24,21,25,23,29,32,34,32,27,43,60,76,80,81,81,90,97,102,91,79,85,91,97,106,111,103,97,94,94,100,108,107,106,102,92,78,89,82,88,88,87,95,93,98,104,109,114,115,114,112,115,119,114,117,132,132,133,132,127,122,20,12,12,11,10,13,14,11,16,15,15,25,50,62,70,83,84,79,71,74,71,69,65,66,64,72,
17,153,152,150,146,141,133,131,123,117,115,101,92,80,75,73,62,117,124,116,118,135,130,131,138,144,145,150,148,153,147,147,151,156,154,153,154,149,136,15,16,20,23,23,21,29,28,29,32,36,35,41,52,67,82,86,76,88,96,107,93,86,83,100,100,102,112,105,97,98,103,106,108,112,99,89,78,66,79,78,78,74,81,88,85,92,93,102,112,118,114,114,118,117,119,125,136,137,134,127,124,138,5,13,12,13,11,10,11,10,10,12,13,20,50,64,71,79,79,86,82,73,69,68,67,70,73,81,
43,157,155,153,152,146,138,133,127,122,121,106,93,84,77,68,77,117,128,113,121,131,130,132,137,143,147,149,150,152,150,149,151,156,157,157,150,148,110,17,24,24,26,25,28,30,36,35,32,35,36,45,50,63,76,85,81,89,93,103,91,79,89,97,101,105,110,109,102,101,95,107,109,111,103,94,84,71,79,74,67,72,71,74,75,82,93,99,104,113,108,117,117,111,120,126,136,132,130,129,115,34,12,8,9,9,6,7,6,12,10,14,11,12,50,59,69,71,75,72,77,70,72,68,70,72,78,80,
43,159,156,154,155,151,141,141,132,129,121,114,101,86,80,69,95,117,119,107,125,127,125,132,137,145,148,152,150,148,149,153,155,156,155,154,153,150,57,22,26,28,31,30,27,33,34,33,37,38,32,36,44,63,68,75,75,92,92,100,101,80,82,93,101,106,114,114,108,105,98,101,101,105,109,104,83,65,66,72,70,68,70,74,78,81,92,103,103,111,107,114,116,116,116,129,132,129,131,121,83,12,54,90,95,97,86,49,15,3,7,9,9,9,28,53,63,70,71,71,71,69,71,70,71,78,78,84,
38,161,159,157,155,155,154,138,138,132,123,115,101,94,75,65,106,121,119,109,131,129,131,133,135,145,148,150,151,152,146,151,153,154,156,152,155,147,18,21,22,31,33,31,33,32,34,33,35,41,39,36,34,54,66,71,72,79,93,102,100,82,79,90,92,103,114,117,112,102,98,104,107,108,102,103,85,64,66,63,59,68,70,73,88,81,85,94,98,102,105,104,117,112,123,120,128,127,126,109,14,81,92,100,96,96,101,92,97,94,32,6,5,9,10,37,57,61,67,68,76,72,74,73,76,81,80,88,
41,168,166,168,164,166,171,151,142,136,125,114,107,89,75,64,110,115,110,111,130,130,128,130,139,142,149,152,150,150,148,151,154,154,154,155,155,121,18,25,26,25,28,34,33,33,30,35,34,31,32,28,28,48,58,71,68,81,91,96,98,83,81,87,92,104,117,117,109,103,103,104,107,105,106,93,83,65,66,66,67,64,68,78,93,81,90,95,104,112,113,114,116,117,124,126,127,121,107,21,48,83,87,106,112,116,114,114,106,100,97,99,61,10,4,16,40,55,65,68,72,74,78,79,80,84,85,86,
46,191,194,204,205,196,186,156,139,136,124,117,101,87,72,70,111,115,114,120,131,123,129,132,146,149,148,151,151,154,150,153,154,159,158,157,151,54,23,31,26,31,35,34,33,32,37,34,36,37,41,39,33,38,59,65,70,75,86,96,93,86,77,80,83,103,109,117,108,105,97,107,101,110,101,92,82,63,63,61,61,69,71,77,77,86,96,98,105,111,113,110,119,114,117,123,123,114,35,9,17,76,97,113,124,134,136,136,122,112,107,99,99,104,84,28,15,26,50,57,65,74,74,80,84,86,85,88,
41,207,211,208,209,204,190,160,142,129,124,105,91,76,63,76,101,105,105,120,123,125,127,129,137,146,149,152,153,151,152,153,155,160,157,156,153,18,22,25,28,28,29,31,33,37,33,40,28,34,34,35,33,32,44,56,67,72,88,97,98,92,80,74,81,89,102,108,107,100,99,98,101,101,90,72,72,55,57,52,59,59,66,68,72,76,79,98,102,106,119,123,113,117,123,122,111,66,9,20,68,80,93,104,126,139,147,151,140,131,121,107,108,103,102,99,106,65,28,40,62,68,76,79,80,88,86,86,
32,201,205,208,209,208,187,156,140,131,118,90,82,66,48,70,93,101,96,119,118,118,120,127,135,146,149,150,153,151,151,154,159,156,155,156,98,24,22,26,32,33,31,34,38,31,35,32,33,31,31,32,35,35,32,53,60,69,83,95,105,90,76,68,75,83,96,93,88,89,95,100,99,92,86,84,74,65,45,54,52,51,56,62,71,65,70,83,91,103,107,115,120,118,121,108,57,8,10,100,67,76,88,111,142,148,152,184,195,187,150,123,119,119,111,105,106,105,105,90,54,61,66,75,81,81,84,88,
72,191,192,188,187,189,174,151,137,125,103,84,71,48,28,55,80,84,75,107,107,110,115,122,134,146,146,151,149,153,151,157,156,155,158,151,20,24,25,27,31,31,32,31,32,35,34,32,33,29,33,30,30,32,34,40,54,68,84,96,107,99,77,74,74,78,81,84,85,75,93,94,94,91,89,74,57,45,47,45,53,58,50,49,56,65,63,69,79,89,102,99,100,91,81,44,7,40,110,93,75,78,96,117,134,138,141,192,211,219,216,195,188,144,129,149,151,145,131,107,105,92,68,69,76,79,80,83,
36,171,173,173,165,156,156,146,131,109,79,58,42,31,19,44,63,81,66,83,83,93,99,115,124,135,145,145,144,146,153,155,156,154,151,108,19,26,26,34,28,28,28,31,32,29,32,26,31,32,30,31,31,36,25,36,46,55,71,91,98,98,81,74,69,67,74,76,79,83,83,88,95,112,69,69,41,33,34,41,40,48,50,44,40,49,44,46,56,58,47,34,107,171,198,202,188,176,136,69,98,87,97,110,126,132,145,184,190,217,211,218,208,213,219,211,200,215,195,207,153,109,100,90,64,72,77,81,
36,168,167,164,161,156,146,130,122,136,153,161,163,163,162,161,161,162,162,163,165,166,164,155,141,135,136,128,132,137,143,151,151,149,139,17,25,18,22,24,22,26,24,22,26,26,24,25,26,29,26,29,28,32,30,29,39,47,58,79,94,98,82,64,65,70,70,72,73,79,75,85,85,66,98,29,17,18,24,30,40,44,38,51,40,35,28,29,32,15,14,76,142,198,198,199,194,147,129,77,85,94,91,102,115,131,153,177,197,210,214,215,211,206,207,202,213,216,203,219,145,169,134,104,94,77,62,72,
38,165,164,158,158,150,155,158,156,159,160,164,159,157,159,157,158,158,160,161,160,163,160,160,159,162,166,166,162,152,147,142,140,131,61,20,22,20,18,17,18,17,20,19,21,19,21,22,24,25,27,28,26,28,35,37,25,35,45,51,75,90,71,57,55,62,63,69,75,75,83,78,76,61,38,20,15,17,19,26,29,31,40,33,37,29,36,21,19,19,11,49,119,191,168,144,114,102,124,98,86,92,95,105,117,122,136,160,163,188,193,197,204,210,209,216,216,219,220,215,125,134,115,153,110,96,94,66,
41,158,160,153,153,155,163,158,161,163,161,162,162,162,160,159,161,161,162,160,159,160,162,160,160,163,164,164,163,164,166,167,164,161,163,163,162,163,164,164,161,152,121,69,24,15,17,18,17,20,22,26,22,25,26,26,35,24,31,48,52,58,53,37,46,53,57,66,73,76,74,77,61,36,18,16,17,19,17,22,31,28,26,33,30,32,23,26,19,14,16,9,34,47,20,70,117,47,13,62,60,80,80,113,117,121,136,125,146,156,160,166,169,167,155,176,197,202,214,208,193,135,110,108,102,106,99,100,
36,152,148,139,159,167,161,164,166,165,163,164,162,164,161,158,161,160,160,161,162,161,161,163,164,165,164,164,161,163,162,164,163,162,160,162,162,164,162,163,163,168,164,163,167,167,132,62,20,19,18,18,20,22,26,26,24,25,20,24,31,38,37,25,32,43,47,67,71,72,67,62,47,34,14,17,19,16,14,13,17,24,21,22,22,18,19,18,18,16,10,9,11,8,9,8,4,10,18,16,48,18,98,101,104,111,112,111,128,151,167,169,165,169,176,167,183,193,185,188,192,129,120,94,95,98,102,105,
42,144,133,149,160,163,161,165,165,165,163,163,162,160,159,159,160,161,159,161,163,162,164,165,163,163,165,164,162,164,164,164,165,165,164,167,167,165,164,167,166,167,168,166,166,164,161,162,167,156,127,66,21,20,20,24,24,26,19,18,20,25,27,23,22,29,39,54,65,70,62,49,20,20,25,20,15,19,14,15,14,16,15,14,15,17,15,15,10,11,8,9,5,8,5,5,9,35,73,98,99,98,92,92,92,95,95,90,86,87,82,81,77,75,82,89,99,110,125,143,145,132,122,94,91,90,95,97,
40,130,103,154,160,162,169,166,166,166,169,166,165,161,160,159,161,161,159,160,163,161,164,164,164,167,166,166,165,163,162,167,164,167,169,170,171,170,172,172,172,173,176,174,172,170,168,166,170,167,166,162,169,139,48,16,21,21,22,25,22,19,23,24,22,26,28,57,59,47,34,24,31,26,23,23,23,21,21,18,22,15,15,16,14,11,12,13,11,10,9,9,8,7,21,75,110,94,92,92,89,92,90,90,92,92,95,91,95,92,94,89,84,85,87,83,85,90,88,89,91,93,90,93,93,96,85,90,
37,88,65,158,165,166,172,168,172,173,172,170,168,165,166,163,162,163,165,164,163,167,167,167,167,168,165,168,166,170,165,168,171,172,174,172,171,171,173,181,181,185,185,181,181,178,176,176,174,173,177,173,169,170,169,167,107,29,27,30,25,23,20,21,30,34,43,46,49,57,49,49,46,52,51,48,40,26,23,20,19,20,19,20,19,17,16,15,15,9,8,8,32,79,81,83,89,88,88,86,86,87,81,87,85,87,88,86,90,91,88,92,94,92,95,97,95,91,96,91,94,98,101,116,128,157,139,119,
35,76,87,149,166,167,172,171,171,176,174,173,170,166,165,165,162,163,164,165,162,167,166,169,177,172,167,168,168,168,170,170,179,186,179,181,171,174,181,188,196,197,196,195,192,195,194,192,193,188,187,184,180,178,176,179,174,177,125,35,41,54,55,59,64,68,69,72,80,82,84,86,92,98,95,95,95,99,101,97,93,86,71,63,42,22,23,24,23,26,42,68,66,75,79,84,88,92,87,89,82,89,83,83,82,89,67,80,81,77,81,84,85,84,88,88,89,93,95,96,97,103,104,125,202,195,149,157,
36,42,154,129,156,165,168,170,171,173,176,168,172,169,166,168,164,165,168,165,164,167,167,170,188,175,167,168,169,172,176,180,191,194,189,198,193,199,203,208,205,205,207,210,210,212,210,205,204,201,207,196,191,183,191,188,194,198,185,55,63,71,77,81,85,64,68,77,81,80,81,95,84,87,88,88,91,90,93,91,91,91,93,90,90,92,88,86,92,103,118,125,141,110,82,85,90,90,95,91,86,82,81,79,83,84,80,80,76,82,81,84,85,85,91,89,89,92,92,98,104,108,120,144,158,137,209,140,
37,116,149,102,156,162,166,167,170,169,172,168,167,166,168,167,163,165,163,162,166,166,167,176,187,190,163,169,174,177,199,193,191,196,197,202,208,211,208,194,168,150,148,151,155,162,166,171,179,193,203,202,206,201,205,209,205,182,159,67,68,54,43,30,29,68,71,76,77,82,85,89,88,90,86,91,93,89,88,86,89,88,87,82,82,83,85,88,96,106,129,122,135,167,139,92,79,94,89,89,91,88,90,86,88,90,63,188,79,85,83,86,88,91,93,94,94,94,96,97,102,115,147,187,213,120,183,182,
40,98,147,121,156,162,165,169,164,167,171,169,168,165,167,161,161,159,161,161,164,169,173,175,190,191,167,172,177,185,203,196,184,183,194,190,158,143,145,153,158,163,168,169,177,180,184,184,184,179,171,159,154,153,150,150,152,162,164,172,176,180,181,150,69,38,62,70,78,88,95,98,91,88,88,90,91,94,88,89,89,84,83,82,85,84,89,96,102,113,123,147,183,185,163,146,77,74,75,79,82,85,87,88,91,72,98,122,149,89,90,90,93,92,94,94,93,98,97,102,111,115,166,150,194,181,163,190,
30,91,132,143,155,162,166,163,166,163,170,168,167,169,170,166,165,162,163,161,167,178,174,176,183,185,172,174,171,171,169,174,165,165,148,139,152,158,161,169,167,171,170,174,181,183,184,187,190,192,189,189,184,180,179,183,182,187,184,184,183,184,184,184,186,188,155,84,61,75,81,90,99,101,98,96,96,96,92,90,91,84,84,87,86,91,103,105,111,127,146,182,106,124,145,145,124,68,79,77,81,82,84,86,79,57,136,146,84,89,89,88,87,85,89,93,96,97,95,110,109,135,153,223,153,195,190,188,
